category,avg_rating,avg_reviews,avg_checkins,count
Medium,3.891304347826087,692.4782608695652,15658.391304347826,23
Low,3.9276315789473686,2692.1973684210525,6725.9078947368425,76
High,4.5,95.0,4968.0,1
