weekday,review_count,avg_rating,rating_stddev
Monday,1030129,3.719844796137183,1.4677532458546592
Tuesday,943417,3.7526523265957685,1.4684132478704433
Wednesday,945565,3.770227324403928,1.4667691318628948
Thursday,917648,3.7780597789130472,1.4723409316499527
Friday,942156,3.7668570809929567,1.484397978954601
Saturday,1065456,3.750905715487078,1.4969013695265885
Sunday,1145909,3.712422190592796,1.4889465173473584
