stars,review_count,percentage
1.0,1069561,15.300688956665542
2.0,544240,7.785668099131938
3.0,691934,9.898516225387253
4.0,1452918,20.784832653341496
5.0,3231627,46.23029406547377
