is_weekend,review_count,avg_rating,rating_stddev
Weekday,1012962,3.8249914606865807,1.3276075128205185
Weekend,526795,3.728070691635266,1.4259826270173666
