weekday,review_count,avg_rating
Monday,235534,3.7696086339976396
Tuesday,197381,3.836564816269043
Wednesday,195633,3.8460944728138915
Thursday,188810,3.8508818388856523
Friday,195604,3.8339042146377373
Saturday,240849,3.7637233287246366
Sunday,285946,3.6980408888391514
