city,avg_conversion_rate,num_businesses
Tucson,25.063333333333333,3
Saint Louis,13.1975,4
Tampa,8.909999999999998,6
Philadelphia,8.310476190476193,21
Reno,6.9655555555555555,9
Nashville,6.147500000000001,8
New Orleans,4.816,35
Santa Barbara,2.226,5
