avg_first_year,avg_third_year
3.6434058662214652,3.680519718357415
