stars,avg_word_count
1.0,133.97460172912065
2.0,134.33883764515656
3.0,124.20193978038368
4.0,108.04115098030309
5.0,84.50487200410195
